firstname,lastname,username,password,ou
user,1,user1,Roadfox2209,"OU=NewUsers,DC=azuretesing,DC=com"
user,2,user2,Roadfox2208,"OU=NewUsers,DC=azuretesing,DC=com"
user,3,user3,Roadfox2209,"OU=NewUsers,DC=azuretesing,DC=com"
user,4,user4,Roadfox2210,"OU=NewUsers,DC=azuretesing,DC=com"
user,5,user5,Roadfox2211,"OU=NewUsers,DC=azuretesing,DC=com"
user,6,user6,Roadfox2212,"OU=NewUsers,DC=azuretesing,DC=com"
user,7,user7,Roadfox2213,"OU=NewUsers,DC=azuretesing,DC=com"
user,8,user8,Roadfox2214,"OU=NewUsers,DC=azuretesing,DC=com"
user,9,user9,Roadfox2215,"OU=NewUsers,DC=azuretesing,DC=com"
user,10,user10,Roadfox2216,"OU=NewUsers,DC=azuretesing,DC=com"
user,11,user11,Roadfox2217,"OU=NewUsers,DC=azuretesing,DC=com"
user,12,user12,Roadfox2218,"OU=NewUsers,DC=azuretesing,DC=com"
user,13,user13,Roadfox2219,"OU=NewUsers,DC=azuretesing,DC=com"
user,14,user14,Roadfox2220,"OU=NewUsers,DC=azuretesing,DC=com"
user,15,user15,Roadfox2221,"OU=NewUsers,DC=azuretesing,DC=com"
user,16,user16,Roadfox2222,"OU=NewUsers,DC=azuretesing,DC=com"
user,17,user17,Roadfox2223,"OU=NewUsers,DC=azuretesing,DC=com"
user,18,user18,Roadfox2224,"OU=NewUsers,DC=azuretesing,DC=com"
user,19,user19,Roadfox2225,"OU=NewUsers,DC=azuretesing,DC=com"
user,20,user20,Roadfox2226,"OU=NewUsers,DC=azuretesing,DC=com"
user,21,user21,Roadfox2227,"OU=NewUsers,DC=azuretesing,DC=com"
user,22,user22,Roadfox2228,"OU=NewUsers,DC=azuretesing,DC=com"
user,23,user23,Roadfox2229,"OU=NewUsers,DC=azuretesing,DC=com"
user,24,user24,Roadfox2230,"OU=NewUsers,DC=azuretesing,DC=com"
user,25,user25,Roadfox2231,"OU=NewUsers,DC=azuretesing,DC=com"
user,26,user26,Roadfox2232,"OU=NewUsers,DC=azuretesing,DC=com"
user,27,user27,Roadfox2233,"OU=NewUsers,DC=azuretesing,DC=com"
user,28,user28,Roadfox2234,"OU=NewUsers,DC=azuretesing,DC=com"
user,29,user29,Roadfox2235,"OU=NewUsers,DC=azuretesing,DC=com"
user,30,user30,Roadfox2236,"OU=NewUsers,DC=azuretesing,DC=com"
user,31,user31,Roadfox2237,"OU=NewUsers,DC=azuretesing,DC=com"
user,32,user32,Roadfox2238,"OU=NewUsers,DC=azuretesing,DC=com"
user,33,user33,Roadfox2239,"OU=NewUsers,DC=azuretesing,DC=com"
user,34,user34,Roadfox2240,"OU=NewUsers,DC=azuretesing,DC=com"
user,35,user35,Roadfox2241,"OU=NewUsers,DC=azuretesing,DC=com"
user,36,user36,Roadfox2242,"OU=NewUsers,DC=azuretesing,DC=com"
user,37,user37,Roadfox2243,"OU=NewUsers,DC=azuretesing,DC=com"
user,38,user38,Roadfox2244,"OU=NewUsers,DC=azuretesing,DC=com"
user,39,user39,Roadfox2245,"OU=NewUsers,DC=azuretesing,DC=com"
user,40,user40,Roadfox2246,"OU=NewUsers,DC=azuretesing,DC=com"
user,41,user41,Roadfox2247,"OU=NewUsers,DC=azuretesing,DC=com"
user,42,user42,Roadfox2248,"OU=NewUsers,DC=azuretesing,DC=com"
user,43,user43,Roadfox2249,"OU=NewUsers,DC=azuretesing,DC=com"
user,44,user44,Roadfox2250,"OU=NewUsers,DC=azuretesing,DC=com"
user,45,user45,Roadfox2251,"OU=NewUsers,DC=azuretesing,DC=com"
user,46,user46,Roadfox2252,"OU=NewUsers,DC=azuretesing,DC=com"
user,47,user47,Roadfox2253,"OU=NewUsers,DC=azuretesing,DC=com"
user,48,user48,Roadfox2254,"OU=NewUsers,DC=azuretesing,DC=com"
user,49,user49,Roadfox2255,"OU=NewUsers,DC=azuretesing,DC=com"
user,50,user50,Roadfox2256,"OU=NewUsers,DC=azuretesing,DC=com"
user,51,user51,Roadfox2257,"OU=NewUsers,DC=azuretesing,DC=com"
user,52,user52,Roadfox2258,"OU=NewUsers,DC=azuretesing,DC=com"
user,53,user53,Roadfox2259,"OU=NewUsers,DC=azuretesing,DC=com"
user,54,user54,Roadfox2260,"OU=NewUsers,DC=azuretesing,DC=com"
user,55,user55,Roadfox2261,"OU=NewUsers,DC=azuretesing,DC=com"
user,56,user56,Roadfox2262,"OU=NewUsers,DC=azuretesing,DC=com"
user,57,user57,Roadfox2263,"OU=NewUsers,DC=azuretesing,DC=com"
user,58,user58,Roadfox2264,"OU=NewUsers,DC=azuretesing,DC=com"
user,59,user59,Roadfox2265,"OU=NewUsers,DC=azuretesing,DC=com"
user,60,user60,Roadfox2266,"OU=NewUsers,DC=azuretesing,DC=com"
user,61,user61,Roadfox2267,"OU=NewUsers,DC=azuretesing,DC=com"
user,62,user62,Roadfox2268,"OU=NewUsers,DC=azuretesing,DC=com"
user,63,user63,Roadfox2269,"OU=NewUsers,DC=azuretesing,DC=com"
user,64,user64,Roadfox2270,"OU=NewUsers,DC=azuretesing,DC=com"
user,65,user65,Roadfox2271,"OU=NewUsers,DC=azuretesing,DC=com"
user,66,user66,Roadfox2272,"OU=NewUsers,DC=azuretesing,DC=com"
user,67,user67,Roadfox2273,"OU=NewUsers,DC=azuretesing,DC=com"
user,68,user68,Roadfox2274,"OU=NewUsers,DC=azuretesing,DC=com"
user,69,user69,Roadfox2275,"OU=NewUsers,DC=azuretesing,DC=com"
user,70,user70,Roadfox2276,"OU=NewUsers,DC=azuretesing,DC=com"
user,71,user71,Roadfox2277,"OU=NewUsers,DC=azuretesing,DC=com"
user,72,user72,Roadfox2278,"OU=NewUsers,DC=azuretesing,DC=com"
user,73,user73,Roadfox2279,"OU=NewUsers,DC=azuretesing,DC=com"
user,74,user74,Roadfox2280,"OU=NewUsers,DC=azuretesing,DC=com"
user,75,user75,Roadfox2281,"OU=NewUsers,DC=azuretesing,DC=com"
user,76,user76,Roadfox2282,"OU=NewUsers,DC=azuretesing,DC=com"
user,77,user77,Roadfox2283,"OU=NewUsers,DC=azuretesing,DC=com"
user,78,user78,Roadfox2284,"OU=NewUsers,DC=azuretesing,DC=com"
user,79,user79,Roadfox2285,"OU=NewUsers,DC=azuretesing,DC=com"
user,80,user80,Roadfox2286,"OU=NewUsers,DC=azuretesing,DC=com"
user,81,user81,Roadfox2287,"OU=NewUsers,DC=azuretesing,DC=com"
user,82,user82,Roadfox2288,"OU=NewUsers,DC=azuretesing,DC=com"
user,83,user83,Roadfox2289,"OU=NewUsers,DC=azuretesing,DC=com"
user,84,user84,Roadfox2290,"OU=NewUsers,DC=azuretesing,DC=com"
user,85,user85,Roadfox2291,"OU=NewUsers,DC=azuretesing,DC=com"
user,86,user86,Roadfox2292,"OU=NewUsers,DC=azuretesing,DC=com"
user,87,user87,Roadfox2293,"OU=NewUsers,DC=azuretesing,DC=com"
user,88,user88,Roadfox2294,"OU=NewUsers,DC=azuretesing,DC=com"
user,89,user89,Roadfox2295,"OU=NewUsers,DC=azuretesing,DC=com"
user,90,user90,Roadfox2296,"OU=NewUsers,DC=azuretesing,DC=com"
user,91,user91,Roadfox2297,"OU=NewUsers,DC=azuretesing,DC=com"
user,92,user92,Roadfox2298,"OU=NewUsers,DC=azuretesing,DC=com"
user,93,user93,Roadfox2299,"OU=NewUsers,DC=azuretesing,DC=com"
user,94,user94,Roadfox2300,"OU=NewUsers,DC=azuretesing,DC=com"
user,95,user95,Roadfox2301,"OU=NewUsers,DC=azuretesing,DC=com"
user,96,user96,Roadfox2302,"OU=NewUsers,DC=azuretesing,DC=com"
user,97,user97,Roadfox2303,"OU=NewUsers,DC=azuretesing,DC=com"
user,98,user98,Roadfox2304,"OU=NewUsers,DC=azuretesing,DC=com"
user,99,user99,Roadfox2305,"OU=NewUsers,DC=azuretesing,DC=com"
user,100,user100,Roadfox2306,"OU=NewUsers,DC=azuretesing,DC=com"
